<?xml version='1.0' encoding='UTF-8'?>
<collectibles>
    <collectible id="roll_buster" status="testing">
        <title>Roll Buster</title>
        <subtitle>The buster in which Roll used to use, way back when...</subtitle>
        <text>Roll's buster from when she used to fight in those various events, such as the Marvel one, or the one adventure she had with her brother, in which Wily kidnapped all the other Robot Masters. 
Again.</text>
        <unlock>Win a game against Roll</unlock>
        <hide-details>true</hide-details>
    </collectible>
    <collectible id="roll_helmet" status="testing">
        <title>Joe's Helmet</title>
        <subtitle>The helmet of a hero long forgotten, long deceased.</subtitle>
        <text>His sacrifice will not be in vain, she'll make sure of it. Her brothers might not believe anymore, yet she knows there truly are still heroes left in man. She just needs to find them.</text>
        <unlock>Sometimes, Roll will spout references to an alternate universe in appropriate circumstances.</unlock>
        <hide-details>true</hide-details>
        <counter>10</counter>
    </collectible>
    <collectible id="roll_ruinedroast" status="testing">
        <title>Roll's Really Ruined Rump Roast</title>
        <subtitle>Probably should've turned that oven off...</subtitle>
        <text>Oh ye gods! My roast is ruined! But what if, I were to purchase fast food and disguise it as my own cooking? Ohoho, delightfully devillish Roll-chan!</text>
        <hidden>true</hidden>
    </collectible>
</collectibles>
