<?xml version='1.0' encoding='UTF-8'?>
<metadata>
    <owner>roll</owner>
    <noteworthy>
        <case name="Roll's oven" id="77" priority="Noteworthy" min="4" max="7">
            <description>Roll just realized that her oven might be on.</description>
        </case>
    </noteworthy>
    <hidden />
    <responses>
        <response id="6" opponent="emi" opponentId="2" />
        <response id="7" opponent="emi" opponentId="25" />
        <response id="9" opponent="aimee" opponentId="3" />
        <response id="10" opponent="nami" opponentId="11" />
        <response id="11" opponent="nami" opponentId="9" />
        <response id="13" opponent="pinkie_pie" opponentId="1" />
        <response id="14" opponent="megumin" opponentId="225" />
        <response id="15" opponent="megumin" opponentId="222" />
        <response id="16" opponent="kazuma" opponentId="141" />
        <response id="17" opponent="pinkie_pie" opponentId="2" />
        <response id="18" opponent="streaming-chan" opponentId="12" />
        <response id="20" opponent="streaming-chan" opponentId="19" />
        <response id="24" opponent="streaming-chan" opponentId="27" />
        <response id="31" opponent="streaming-chan" opponentId="17" />
        <response id="34" opponent="streaming-chan" opponentId="23" />
        <response id="35" opponent="kazuma" opponentId="35" />
        <response id="36" opponent="9s" opponentId="8" />
        <response id="37" opponent="9s" opponentId="10" />
        <response id="38" opponent="9s" opponentId="11" />
        <response id="39" opponent="nami" opponentId="15" />
        <response id="40" opponent="aella" opponentId="1" />
        <response id="41" opponent="jessie" opponentId="22" />
        <response id="45" opponent="yuelia" opponentId="45" />
        <response id="47" opponent="catria" opponentId="4" />
        <response id="48" opponent="elizabeth" opponentId="1" />
        <response id="49" opponent="rin" opponentId="170" />
        <response id="50" opponent="futaba" opponentId="23" />
        <response id="51" opponent="megumin" opponentId="224" />
        <response id="53" opponent="9s" opponentId="9" />
        <response id="54" opponent="florina" opponentId="5" />
        <response id="55" opponent="meia" opponentId="4" />
        <response id="56" opponent="guzma" opponentId="13" />
        <response id="57" opponent="nami" opponentId="12" />
        <response id="58" opponent="ribbon_girl" opponentId="44" />
        <response id="59" opponent="hermione" opponentId="1" />
        <response id="60" opponent="megumin" opponentId="180" />
        <response id="61" opponent="shimakaze" opponentId="2" />
        <response id="62" opponent="navi" opponentId="1" />
        <response id="63" opponent="megumin" opponentId="134" />
        <response id="64" opponent="revy" opponentId="4" />
        <response id="65" opponent="misato" opponentId="15" />
        <response id="66" opponent="mei" opponentId="1" />
        <response id="67" opponent="yuelia" opponentId="6" />
        <response id="68" opponent="amy" opponentId="259" />
        <response id="70" opponent="joey" opponentId="30" />
        <response id="78" opponent="joey" opponentId="26" />
        <response id="79" opponent="yuelia" opponentId="1" />
        <response id="80" opponent="nami" opponentId="13" />
        <response id="81" opponent="caulifla" opponentId="12" />
        <response id="82" opponent="nami" opponentId="53" />
        <response id="83" opponent="panty" opponentId="191" />
        <response id="84" opponent="chazz" opponentId="9" />
        <response id="85" opponent="larachel" opponentId="5" />
        <response id="86" opponent="videl" opponentId="2" />
        <response id="87" opponent="emi" opponentId="5" />
        <response id="88" opponent="gwen" opponentId="2" />
        <response id="89" opponent="joey" opponentId="28" />
        <response id="90" opponent="chazz" opponentId="10" />
        <response id="91" opponent="megumin" opponentId="48" />
        <response id="92" opponent="jessie" opponentId="21" />
        <response id="93" opponent="caulifla" opponentId="4" />
        <response id="94" opponent="caulifla" opponentId="2" />
        <response id="95" opponent="misato" opponentId="14" />
        <response id="96" opponent="aella" opponentId="3" />
        <response id="97" opponent="amy" opponentId="223" />
        <response id="98" opponent="megumin" opponentId="36" />
        <response id="99" opponent="navi" opponentId="3" />
        <response id="100" opponent="florina" opponentId="4" />
        <response id="101" opponent="zone-tan" opponentId="7" />
        <response id="102" opponent="miko" opponentId="12" />
        <response id="103" opponent="catria" opponentId="5" />
        <response id="104" opponent="rin" opponentId="110" />
        <response id="105" opponent="chun-li" opponentId="4" />
        <response id="106" opponent="rin" opponentId="3" />
        <response id="107" opponent="jura" opponentId="10" />
        <response id="108" opponent="sakura" opponentId="2" />
        <response id="109" opponent="cammy_white" opponentId="7" />
        <response id="110" opponent="misty_hgss" opponentId="2" />
        <response id="111" opponent="rin" opponentId="169" />
        <response id="112" opponent="tharja" opponentId="11" />
        <response id="113" opponent="nayru" opponentId="1" />
    </responses>
    <notes>
        <note id="71">No, I didn't misspell it. Think about it, would city have worked here?</note>
    </notes>
    <labels />
    <prefixes />
    <nextId>113</nextId>
    <markers>
        <marker scope="Private" name="badluck" />
        <marker scope="Private" name="complain" />
        <marker scope="Private" name="eddie" />
        <marker scope="Private" name="eddie2" />
        <marker scope="Private" name="exaggeration" />
        <marker scope="Private" name="hairrant" />
        <marker scope="Private" name="littlename" />
        <marker scope="Private" name="mst-1" />
        <marker scope="Public" name="nutdress" />
        <marker scope="Public" name="ovenon1">Roll thinks she left the oven on.</marker>
        <marker scope="Public" name="ovenon2">Roll reminds herself that Ice Man is visiting. Or was it Fire Man?</marker>
        <marker scope="Public" name="ovenon3">Roll realizes it's probably too late for her roast...</marker>
        <marker scope="Private" name="player" />
        <marker scope="Private" name="protomen1" />
        <marker scope="Private" name="protomen9s" />
        <marker scope="Private" name="shirtoff" />
        <marker scope="Private" name="shirtoff2" />
        <marker scope="Private" name="trustme" />
        <marker scope="Private" name="zsaber" />
    </markers>
    <recipes>
        <recipe key="93fb1799-f582-4f08-a53c-49d5e56f6278">
            <cases>
                <id>42</id>
            </cases>
        </recipe>
        <recipe key="ab63638e-fcc5-44e9-b020-a677785bb36f">
            <cases>
                <id>43</id>
            </cases>
        </recipe>
        <recipe key="841c009f-617e-47e1-b1dd-214ba5892e88">
            <cases>
                <id>44</id>
            </cases>
        </recipe>
        <recipe key="1ac2b058-5e06-4321-9ea7-d6bc3098748e">
            <cases>
                <id>73</id>
            </cases>
        </recipe>
    </recipes>
</metadata>
