<?xml version='1.0' encoding='UTF-8'?>
<opponent>
    <enabled>false</enabled>
    <first>Roll</first>
    <last>Light</last>
    <label>Roll</label>
    <pic>0-happy.png</pic>
    <gender>female</gender>
    <height />
    <from>Mega Man</from>
    <writer>Mushroomian1</writer>
    <artist>Superfluous (model), Mushroomian1 (posing)</artist>
    <description>The third creation of Dr. Thomas Light, Roll is a housekeeping robot, to work alongside her lab assistant brother Rock. When he's not off fighting robots, of course. </description>
    <layers>7</layers>
    <tags>
        <tag>blonde</tag>
        <tag>short_hair</tag>
        <tag>ponytail</tag>
        <tag>blue_eyes</tag>
        <tag>fair-skinned</tag>
        <tag>athletic</tag>
        <tag>shaved</tag>
        <tag>small_breasts</tag>
        <tag>robot</tag>
        <tag>cheerful</tag>
        <tag>confident</tag>
        <tag>shut_in</tag>
        <tag>straight</tag>
        <tag>single</tag>
        <tag>future</tag>
        <tag>video_game</tag>
        <tag>capcom</tag>
    </tags>
    <has_collectibles>true</has_collectibles>
    <lines>621</lines>
    <poses>134</poses>
</opponent>
